Dataset,Train Error,Train R2,Test Error,Test R2
Results,1.0237210577753033,0.7724556738162458,0.9545941229708277,0.758363625751172
